{
    "0": {
        "corrected_demand": -0.35156875854306835,
        "predicted_demand": 56.0,
        "time_to_cluster": 0.7031375170861367,
        "distance_to_destination": 0.23437917236204558,
        "other_taxis": 56,
        "destination_nr": 545,
        "timeslot": 30,
        "destination_position": [
            40.737980826478385,
            -73.99220653052105
        ],
        "current_position": [
            40.73842628750171,
            -73.99396124195768
        ]
    },
    "1": {
        "corrected_demand": -0.3823632724395509,
        "predicted_demand": 74.0,
        "time_to_cluster": 0.7647265448791019,
        "distance_to_destination": 0.25490884829303395,
        "other_taxis": 74,
        "destination_nr": 997,
        "timeslot": 30,
        "destination_position": [
            40.73976969358299,
            -73.99299771605418
        ],
        "current_position": [
            40.73842628750171,
            -73.99396124195768
        ]
    },
    "2": {
        "corrected_demand": -0.3824963321727852,
        "predicted_demand": 68.0,
        "time_to_cluster": 0.7649926643455705,
        "distance_to_destination": 0.2549975547818568,
        "other_taxis": 68,
        "destination_nr": 881,
        "timeslot": 30,
        "destination_position": [
            40.73963696079456,
            -73.99519297575056
        ],
        "current_position": [
            40.73842628750171,
            -73.99396124195768
        ]
    }
}